Variables,Season,Tide,Value_means,Value_vars
NN,FALL,High,0.5,0.6842923076923076
NN,FALL,Low,3.9442500000000003,16.781527628205126
NN,SPRING,High,1.248421052631579,2.0293650071123763
NN,SPRING,Low,5.800571428571429,71.38689966386556
Phosphate,FALL,High,0.127,7.13846153846154e-4
Phosphate,FALL,Low,0.22875,0.014462500000000001
Phosphate,SPRING,High,0.18421052631578946,0.0018466571834992887
Phosphate,SPRING,Low,0.266,0.04263058823529411
Salinity,FALL,High,34.55193579275,0.04991785480354925
Salinity,FALL,Low,33.8354566095,0.6341073536753438
Salinity,SPRING,High,34.271781930526316,0.10352087895236438
Salinity,SPRING,Low,33.463324508285716,2.4457700694881592
Silicate,FALL,High,3.956,28.683332307692307
Silicate,FALL,Low,21.13075,364.3648583974359
Silicate,SPRING,High,10.671578947368422,59.48420284495021
Silicate,SPRING,Low,30.051142857142857,1405.3656045378152
TA,FALL,High,2265.26528105,337.20397212201976
TA,FALL,Low,2287.3643924,1112.7201391496508
TA,SPRING,High,2252.7459973157893,3615.207923146523
TA,SPRING,Low,2281.0683379142856,2700.995234188377
Temp_in,FALL,High,27.000473037749998,0.7099740718876029
Temp_in,FALL,Low,26.73358316525,0.12020650677030642
Temp_in,SPRING,High,24.922080776578948,1.422999052685529
Temp_in,SPRING,Low,24.39036402714286,0.09059972467898658
pH,FALL,High,8.064944199225,0.008961192382229768
pH,FALL,Low,7.997705327075,0.0030404371899922377
pH,SPRING,High,8.105372554447369,0.025709069759777325
pH,SPRING,Low,8.065673841171428,0.0025961500604592892
percent_sgd,FALL,High,0.49823677585000004,0.45497611664798854
percent_sgd,FALL,Low,2.661303526425,5.77956935194564
percent_sgd,SPRING,High,1.3440275751578947,0.9435407058939168
percent_sgd,SPRING,Low,3.784778697314285,22.29196309505184
